{"cameraMode":{"drawMode":0,"name":"Shaded","section":"Shading Mode"},"sceneLighting":true,"audioPlay":false,"sceneViewState":{"m_AlwaysRefresh":false,"showFog":true,"showSkybox":true,"showFlares":true,"showImageEffects":true,"showParticleSystems":true,"showVisualEffectGraphs":true,"m_FxEnabled":true},"in2DMode":false,"pivot":{"x":61.46357727050781,"y":50.88993835449219,"z":7.2444000244140629},"rotation":{"x":-0.019496819004416467,"y":-0.014098621904850006,"z":-0.00027495139511302114,"w":0.9997116327285767},"size":65.11071014404297,"orthographic":false}